{
  "rels": [
    {
      "id": "0",
      "relOp": "org.apache.calcite.adapter.enumerable.EnumerableTableScan",
      "table": [
        "LINEITEM"
      ],
      "inputs": []
    },
    {
      "id": "1",
      "relOp": "org.apache.calcite.adapter.enumerable.EnumerableFilter",
      "condition": {
        "op": {
          "name": "<=",
          "kind": "LESS_THAN_OR_EQUAL",
          "syntax": "BINARY"
        },
        "operands": [
          {
            "input": 10,
            "name": "$10"
          },
          {
            "op": {
              "name": "CAST",
              "kind": "CAST",
              "syntax": "SPECIAL"
            },
            "operands": [
              {
                "literal": "1998-12-01",
                "type": {
                  "type": "CHAR",
                  "nullable": false,
                  "precision": 10
                }
              }
            ],
            "type": {
              "type": "DATE",
              "nullable": false
            }
          }
        ]
      }
    },
    {
      "id": "2",
      "relOp": "org.apache.calcite.adapter.enumerable.EnumerableProject",
      "fields": [
        "l_returnflag",
        "l_linestatus",
        "l_quantity",
        "l_extendedprice",
        "$f4",
        "$f5",
        "l_discount"
      ],
      "exprs": [
        {
          "input": 8,
          "name": "$8"
        },
        {
          "input": 9,
          "name": "$9"
        },
        {
          "input": 4,
          "name": "$4"
        },
        {
          "input": 5,
          "name": "$5"
        },
        {
          "op": {
            "name": "*",
            "kind": "TIMES",
            "syntax": "BINARY"
          },
          "operands": [
            {
              "input": 5,
              "name": "$5"
            },
            {
              "op": {
                "name": "-",
                "kind": "MINUS",
                "syntax": "BINARY"
              },
              "operands": [
                {
                  "literal": 1,
                  "type": {
                    "type": "INTEGER",
                    "nullable": false
                  }
                },
                {
                  "input": 6,
                  "name": "$6"
                }
              ]
            }
          ]
        },
        {
          "op": {
            "name": "*",
            "kind": "TIMES",
            "syntax": "BINARY"
          },
          "operands": [
            {
              "op": {
                "name": "*",
                "kind": "TIMES",
                "syntax": "BINARY"
              },
              "operands": [
                {
                  "input": 5,
                  "name": "$5"
                },
                {
                  "op": {
                    "name": "-",
                    "kind": "MINUS",
                    "syntax": "BINARY"
                  },
                  "operands": [
                    {
                      "literal": 1,
                      "type": {
                        "type": "INTEGER",
                        "nullable": false
                      }
                    },
                    {
                      "input": 6,
                      "name": "$6"
                    }
                  ]
                }
              ]
            },
            {
              "op": {
                "name": "+",
                "kind": "PLUS",
                "syntax": "BINARY"
              },
              "operands": [
                {
                  "literal": 1,
                  "type": {
                    "type": "INTEGER",
                    "nullable": false
                  }
                },
                {
                  "input": 7,
                  "name": "$7"
                }
              ]
            }
          ]
        },
        {
          "input": 6,
          "name": "$6"
        }
      ]
    },
    {
      "id": "3",
      "relOp": "org.apache.calcite.adapter.enumerable.EnumerableSortedAggregate",
      "group": [
        0,
        1
      ],
      "aggs": [
        {
          "agg": {
            "name": "SUM",
            "kind": "SUM",
            "syntax": "FUNCTION"
          },
          "type": {
            "type": "INTEGER",
            "nullable": true
          },
          "distinct": false,
          "operands": [
            2
          ],
          "name": "SUM_QTY"
        },
        {
          "agg": {
            "name": "SUM",
            "kind": "SUM",
            "syntax": "FUNCTION"
          },
          "type": {
            "type": "DOUBLE",
            "nullable": true
          },
          "distinct": false,
          "operands": [
            3
          ],
          "name": "SUM_BASE_PRICE"
        },
        {
          "agg": {
            "name": "SUM",
            "kind": "SUM",
            "syntax": "FUNCTION"
          },
          "type": {
            "type": "DOUBLE",
            "nullable": true
          },
          "distinct": false,
          "operands": [
            4
          ],
          "name": "SUM_DISC_PRICE"
        },
        {
          "agg": {
            "name": "SUM",
            "kind": "SUM",
            "syntax": "FUNCTION"
          },
          "type": {
            "type": "DOUBLE",
            "nullable": true
          },
          "distinct": false,
          "operands": [
            5
          ],
          "name": "SUM_CHARGE"
        },
        {
          "agg": {
            "name": "AVG",
            "kind": "AVG",
            "syntax": "FUNCTION"
          },
          "type": {
            "type": "INTEGER",
            "nullable": true
          },
          "distinct": false,
          "operands": [
            2
          ],
          "name": "AVG_QTY"
        },
        {
          "agg": {
            "name": "AVG",
            "kind": "AVG",
            "syntax": "FUNCTION"
          },
          "type": {
            "type": "DOUBLE",
            "nullable": true
          },
          "distinct": false,
          "operands": [
            3
          ],
          "name": "AVG_PRICE"
        },
        {
          "agg": {
            "name": "AVG",
            "kind": "AVG",
            "syntax": "FUNCTION"
          },
          "type": {
            "type": "DOUBLE",
            "nullable": true
          },
          "distinct": false,
          "operands": [
            6
          ],
          "name": "AVG_DISC"
        },
        {
          "agg": {
            "name": "COUNT",
            "kind": "COUNT",
            "syntax": "FUNCTION_STAR"
          },
          "type": {
            "type": "BIGINT",
            "nullable": false
          },
          "distinct": false,
          "operands": [],
          "name": "COUNT_ORDER"
        }
      ]
    },
    {
      "id": "4",
      "relOp": "org.apache.calcite.adapter.enumerable.EnumerableProject",
      "fields": [
        "L_RETURNFLAG",
        "L_LINESTATUS",
        "SUM_QTY",
        "SUM_BASE_PRICE",
        "SUM_DISC_PRICE",
        "SUM_CHARGE",
        "AVG_QTY",
        "AVG_PRICE",
        "AVG_DISC",
        "COUNT_ORDER"
      ],
      "exprs": [
        {
          "input": 0,
          "name": "$0"
        },
        {
          "input": 1,
          "name": "$1"
        },
        {
          "input": 2,
          "name": "$2"
        },
        {
          "input": 3,
          "name": "$3"
        },
        {
          "input": 4,
          "name": "$4"
        },
        {
          "input": 5,
          "name": "$5"
        },
        {
          "input": 6,
          "name": "$6"
        },
        {
          "input": 7,
          "name": "$7"
        },
        {
          "input": 8,
          "name": "$8"
        },
        {
          "input": 9,
          "name": "$9"
        }
      ]
    },
    {
      "id": "5",
      "relOp": "org.apache.calcite.adapter.enumerable.EnumerableSort",
      "collation": [
        {
          "field": 0,
          "direction": "ASCENDING",
          "nulls": "LAST"
        },
        {
          "field": 1,
          "direction": "ASCENDING",
          "nulls": "LAST"
        }
      ]
    }
  ]
}
