{
  "rels": [
    {
      "id": "0",
      "relOp": "org.apache.calcite.adapter.enumerable.EnumerableTableScan",
      "table": [
        "PART"
      ],
      "inputs": []
    },
    {
      "id": "1",
      "relOp": "org.apache.calcite.adapter.enumerable.EnumerableFilter",
      "condition": {
        "op": {
          "name": "AND",
          "kind": "AND",
          "syntax": "BINARY"
        },
        "operands": [
          {
            "op": {
              "name": "=",
              "kind": "EQUALS",
              "syntax": "BINARY"
            },
            "operands": [
              {
                "input": 5,
                "name": "$5"
              },
              {
                "literal": 15,
                "type": {
                  "type": "INTEGER",
                  "nullable": false
                }
              }
            ]
          },
          {
            "op": {
              "name": "LIKE",
              "kind": "LIKE",
              "syntax": "SPECIAL"
            },
            "operands": [
              {
                "input": 4,
                "name": "$4"
              },
              {
                "literal": "BRASS",
                "type": {
                  "type": "CHAR",
                  "nullable": false,
                  "precision": 5
                }
              }
            ]
          }
        ]
      }
    },
    {
      "id": "2",
      "relOp": "org.apache.calcite.adapter.enumerable.EnumerableTableScan",
      "table": [
        "SUPPLIER"
      ],
      "inputs": []
    },
    {
      "id": "3",
      "relOp": "org.apache.calcite.adapter.enumerable.EnumerableNestedLoopJoin",
      "condition": {
        "literal": true,
        "type": {
          "type": "BOOLEAN",
          "nullable": false
        }
      },
      "joinType": "inner",
      "inputs": [
        "1",
        "2"
      ]
    },
    {
      "id": "4",
      "relOp": "org.apache.calcite.adapter.enumerable.EnumerableTableScan",
      "table": [
        "PARTSUPP"
      ],
      "inputs": []
    },
    {
      "id": "5",
      "relOp": "org.apache.calcite.adapter.enumerable.EnumerableFilter",
      "condition": {
        "op": {
          "name": "=",
          "kind": "EQUALS",
          "syntax": "BINARY"
        },
        "operands": [
          {
            "input": 3,
            "name": "$3"
          },
          {
            "op": {
              "name": "$SCALAR_QUERY",
              "kind": "SCALAR_QUERY",
              "syntax": "INTERNAL"
            },
            "operands": []
          }
        ]
      }
    },
    {
      "id": "6",
      "relOp": "org.apache.calcite.adapter.enumerable.EnumerableHashJoin",
      "condition": {
        "op": {
          "name": "AND",
          "kind": "AND",
          "syntax": "BINARY"
        },
        "operands": [
          {
            "op": {
              "name": "=",
              "kind": "EQUALS",
              "syntax": "BINARY"
            },
            "operands": [
              {
                "input": 0,
                "name": "$0"
              },
              {
                "input": 16,
                "name": "$16"
              }
            ]
          },
          {
            "op": {
              "name": "=",
              "kind": "EQUALS",
              "syntax": "BINARY"
            },
            "operands": [
              {
                "input": 9,
                "name": "$9"
              },
              {
                "input": 17,
                "name": "$17"
              }
            ]
          }
        ]
      },
      "joinType": "inner",
      "inputs": [
        "3",
        "5"
      ]
    },
    {
      "id": "7",
      "relOp": "org.apache.calcite.adapter.enumerable.EnumerableTableScan",
      "table": [
        "NATION"
      ],
      "inputs": []
    },
    {
      "id": "8",
      "relOp": "org.apache.calcite.adapter.enumerable.EnumerableHashJoin",
      "condition": {
        "op": {
          "name": "=",
          "kind": "EQUALS",
          "syntax": "BINARY"
        },
        "operands": [
          {
            "input": 12,
            "name": "$12"
          },
          {
            "input": 21,
            "name": "$21"
          }
        ]
      },
      "joinType": "inner",
      "inputs": [
        "6",
        "7"
      ]
    },
    {
      "id": "9",
      "relOp": "org.apache.calcite.adapter.enumerable.EnumerableTableScan",
      "table": [
        "REGION"
      ],
      "inputs": []
    },
    {
      "id": "10",
      "relOp": "org.apache.calcite.adapter.enumerable.EnumerableFilter",
      "condition": {
        "op": {
          "name": "=",
          "kind": "EQUALS",
          "syntax": "BINARY"
        },
        "operands": [
          {
            "input": 1,
            "name": "$1"
          },
          {
            "literal": "EUROPE",
            "type": {
              "type": "VARCHAR",
              "nullable": false,
              "precision": -1
            }
          }
        ]
      }
    },
    {
      "id": "11",
      "relOp": "org.apache.calcite.adapter.enumerable.EnumerableHashJoin",
      "condition": {
        "op": {
          "name": "=",
          "kind": "EQUALS",
          "syntax": "BINARY"
        },
        "operands": [
          {
            "input": 23,
            "name": "$23"
          },
          {
            "input": 25,
            "name": "$25"
          }
        ]
      },
      "joinType": "inner",
      "inputs": [
        "8",
        "10"
      ]
    },
    {
      "id": "12",
      "relOp": "org.apache.calcite.adapter.enumerable.EnumerableProject",
      "fields": [
        "S_ACCTBAL",
        "S_NAME",
        "N_NAME",
        "P_PARTKEY",
        "P_MFGR",
        "S_ADDRESS",
        "S_PHONE",
        "S_COMMENT"
      ],
      "exprs": [
        {
          "input": 14,
          "name": "$14"
        },
        {
          "input": 10,
          "name": "$10"
        },
        {
          "input": 22,
          "name": "$22"
        },
        {
          "input": 0,
          "name": "$0"
        },
        {
          "input": 2,
          "name": "$2"
        },
        {
          "input": 11,
          "name": "$11"
        },
        {
          "input": 13,
          "name": "$13"
        },
        {
          "input": 15,
          "name": "$15"
        }
      ]
    },
    {
      "id": "13",
      "relOp": "org.apache.calcite.adapter.enumerable.EnumerableSort",
      "collation": [
        {
          "field": 0,
          "direction": "DESCENDING",
          "nulls": "FIRST"
        },
        {
          "field": 2,
          "direction": "ASCENDING",
          "nulls": "LAST"
        },
        {
          "field": 1,
          "direction": "ASCENDING",
          "nulls": "LAST"
        },
        {
          "field": 3,
          "direction": "ASCENDING",
          "nulls": "LAST"
        }
      ]
    }
  ]
}