1,Supplier#000000001," N kD4on9OM Ipw3,gf0JBoQDd7tgrzrddZ",17,27-918-335-1736,5755.94,each slyly above the careful
2,Supplier#000000002,"89eJ5ksX3ImxJQBvxObC,",5,15-679-861-2259,4032.68, slyly bold instructions. idle dependen
3,Supplier#000000003,"q1,G3Pj6OjIuUYfUoH18BFTKP5aU9bEV3",1,11-383-516-1199,4192.4,blithely silent requests after the express dependencies are sl
4,Supplier#000000004,Bk7ah4CK8SYQTepEmvMkkgMwg,15,25-843-787-7479,4641.08,riously even requests above the exp
5,Supplier#000000005,Gcdm2rJRzl5qlTVzc,11,21-151-690-3663,-283.84,. slyly regular pinto bea
6,Supplier#000000006,tQxuVm7s7CnK,14,24-696-997-4969,1365.79,final accounts. regular dolphins use against the furiously ironic decoys. 
7,Supplier#000000007,"s,4TicNGB4uO6PaSqNBUq",23,33-990-965-2201,6820.35,s unwind silently furiously regular courts. final requests are deposits. requests wake quietly blit
8,Supplier#000000008,9Sq4bBH2FQEmaFOocY45sRTxo6yuoG,17,27-498-742-3860,7627.85,al pinto beans. asymptotes haggl
9,Supplier#000000009,1KhUgZegwM3ua7dsYmekYBsK,10,20-403-398-8662,5302.37,"s. unusual, even requests along the furiously regular pac"
10,Supplier#000000010,Saygah3gYWMp72i PY,24,34-852-489-8585,3891.91,ing waters. regular requests ar
