<RelNode type="EnumerableSort">
    <Property name="sort0">
        $0
    </Property>
    <Property name="sort1">
        $1
    </Property>
    <Property name="dir0">
        ASC
    </Property>
    <Property name="dir1">
        ASC
    </Property>
    <Inputs>
        <RelNode type="EnumerableCalc">
            <Property name="expr#0..16">
                {inputs}
            </Property>
            <Property name="C_NAME">
                $t1
            </Property>
            <Property name="O_ORDERKEY">
                $t8
            </Property>
            <Property name="O_ORDERDATE">
                $t12
            </Property>
            <Inputs>
                <RelNode type="EnumerableCalc">
                    <Property name="expr#0..16">
                        {inputs}
                    </Property>
                    <Property name="expr#17">
                        3
                    </Property>
                    <Property name="expr#18">
                        &#60;($t0, $t17)
                    </Property>
                    <Property name="proj#0..16">
                        {exprs}
                    </Property>
                    <Property name="$condition">
                        $t18
                    </Property>
                    <Inputs>
                        <RelNode type="EnumerableHashJoin">
                            <Property name="condition">
                                =($0, $9)
                            </Property>
                            <Property name="joinType">
                                inner
                            </Property>
                            <Inputs>
                                <RelNode type="EnumerableTableScan">
                                    <Property name="table">
                                        [CUSTOMER]
                                    </Property>
                                    <Inputs/>
                                </RelNode>
                                <RelNode type="EnumerableTableScan">
                                    <Property name="table">
                                        [ORDERS]
                                    </Property>
                                    <Inputs/>
                                </RelNode>
                            </Inputs>
                        </RelNode>
                    </Inputs>
                </RelNode>
            </Inputs>
        </RelNode>
    </Inputs>
</RelNode>