<RelNode type="EnumerableCalc">
    <Property name="expr#0..1">
        {inputs}
    </Property>
    <Property name="proj#0..1">
        {exprs}
    </Property>
    <Inputs>
        <RelNode type="EnumerableAggregate">
            <Property name="group">
                {0}
            </Property>
            <Property name="EXPR$1">
                COUNT()
            </Property>
            <Inputs>
                <RelNode type="EnumerableCalc">
                    <Property name="expr#0..8">
                        {inputs}
                    </Property>
                    <Property name="o_custkey">
                        $t1
                    </Property>
                    <Inputs>
                        <RelNode type="EnumerableCalc">
                            <Property name="expr#0..8">
                                {inputs}
                            </Property>
                            <Property name="expr#9">
                                220388.06:DECIMAL(8, 2)
                            </Property>
                            <Property name="expr#10">
                                &#62;($t3, $t9)
                            </Property>
                            <Property name="proj#0..8">
                                {exprs}
                            </Property>
                            <Property name="$condition">
                                $t10
                            </Property>
                            <Inputs>
                                <RelNode type="EnumerableTableScan">
                                    <Property name="table">
                                        [ORDERS]
                                    </Property>
                                    <Inputs/>
                                </RelNode>
                            </Inputs>
                        </RelNode>
                    </Inputs>
                </RelNode>
            </Inputs>
        </RelNode>
    </Inputs>
</RelNode>